source,site,dt,year,month,doy,parameter,concentration
DEP,BMR02,2018-05-10T00:00:00Z,2018,May,130,DIN,0.11
DEP,BMR02,2018-05-10T00:00:00Z,2018,May,130,TN,1.056
DEP,BMR02,2018-05-31T00:00:00Z,2018,May,151,DIN,0.057
DEP,BMR02,2018-05-31T00:00:00Z,2018,May,151,TN,0.395
DEP,BMR02,2018-06-25T00:00:00Z,2018,Jun,176,DIN,0.031
DEP,BMR02,2018-06-25T00:00:00Z,2018,Jun,176,TN,0.423
DEP,BMR02,2018-07-18T00:00:00Z,2018,Jul,199,DIN,0.077
DEP,BMR02,2018-07-18T00:00:00Z,2018,Jul,199,TN,0.387
DEP,BMR02,2018-08-30T00:00:00Z,2018,Aug,242,DIN,0.081
DEP,BMR02,2018-08-30T00:00:00Z,2018,Aug,242,TN,0.396
DEP,BMR02,2018-09-20T00:00:00Z,2018,Sep,263,DIN,0.073
DEP,BMR02,2018-09-20T00:00:00Z,2018,Sep,263,TN,0.183
DEP,BMR02,2018-10-12T00:00:00Z,2018,Oct,285,DIN,0.11100000000000002
DEP,BMR02,2018-10-12T00:00:00Z,2018,Oct,285,TN,0.215
DEP,BMR02,2019-05-15T00:00:00Z,2019,May,135,DIN,0.4148
DEP,BMR02,2019-05-15T00:00:00Z,2019,May,135,TN,0.459
DEP,BMR02,2019-06-05T00:00:00Z,2019,Jun,156,DIN,4.0522
DEP,BMR02,2019-06-05T00:00:00Z,2019,Jun,156,TN,0.258
DEP,BMR02,2019-06-27T00:00:00Z,2019,Jun,178,DIN,0.0387
DEP,BMR02,2019-06-27T00:00:00Z,2019,Jun,178,TN,0.303
DEP,BMR02,2019-07-19T00:00:00Z,2019,Jul,200,DIN,0.0612
DEP,BMR02,2019-07-19T00:00:00Z,2019,Jul,200,TN,0.276
DEP,BMR02,2019-09-03T00:00:00Z,2019,Sep,246,DIN,0.022600000000000002
DEP,BMR02,2019-09-03T00:00:00Z,2019,Sep,246,TN,0.356
DEP,BMR02,2019-09-24T00:00:00Z,2019,Sep,267,DIN,0.0241
DEP,BMR02,2019-09-24T00:00:00Z,2019,Sep,267,TN,0.317
DEP,BMR02,2019-10-16T00:00:00Z,2019,Oct,289,DIN,0.047799999999999995
DEP,BMR02,2019-10-16T00:00:00Z,2019,Oct,289,TN,0.195
DEP,P7CBI,2018-05-10T00:00:00Z,2018,May,130,DIN,0.032
DEP,P7CBI,2018-05-10T00:00:00Z,2018,May,130,TN,0.144
DEP,P7CBI,2018-08-08T00:00:00Z,2018,Aug,220,DIN,0.033
DEP,P7CBI,2018-08-08T00:00:00Z,2018,Aug,220,TN,0.151
DEP,P7CBI,2019-06-05T00:00:00Z,2019,Jun,156,DIN,4.0353
DEP,P7CBI,2019-06-05T00:00:00Z,2019,Jun,156,TN,0.449
DEP,P7CBI,2019-06-27T00:00:00Z,2019,Jun,178,DIN,0.008
DEP,P7CBI,2019-06-27T00:00:00Z,2019,Jun,178,TN,0.181
DEP,P7CBI,2019-07-19T00:00:00Z,2019,Jul,200,DIN,0.022
DEP,P7CBI,2019-07-19T00:00:00Z,2019,Jul,200,TN,0.191
DEP,P7CBI,2019-08-12T00:00:00Z,2019,Aug,224,DIN,0.051000000000000004
DEP,P7CBI,2019-08-12T00:00:00Z,2019,Aug,224,TN,0.185
DEP,P7CBI,2019-09-03T00:00:00Z,2019,Sep,246,DIN,0.0121
DEP,P7CBI,2019-09-03T00:00:00Z,2019,Sep,246,TN,0.291
DEP,P7CBI,2019-09-24T00:00:00Z,2019,Sep,267,DIN,0.060000000000000005
DEP,P7CBI,2019-09-24T00:00:00Z,2019,Sep,267,TN,0.25
DEP,P7CBI,2019-10-16T00:00:00Z,2019,Oct,289,DIN,0.052000000000000005
DEP,P7CBI,2019-10-16T00:00:00Z,2019,Oct,289,TN,0.25
DEP,CR00,2017-06-01T00:00:00Z,2017,Jun,152,DIN,0.109
DEP,CR00,2017-06-01T00:00:00Z,2017,Jun,152,TN,0.358
DEP,CR00,2017-06-26T00:00:00Z,2017,Jun,177,DIN,0.154
DEP,CR00,2017-06-26T00:00:00Z,2017,Jun,177,TN,0.84
DEP,CR00,2017-07-17T00:00:00Z,2017,Jul,198,DIN,0.5429999999999999
DEP,CR00,2017-07-17T00:00:00Z,2017,Jul,198,TN,0.834
DEP,CR00,2017-08-07T00:00:00Z,2017,Aug,219,DIN,0.34
DEP,CR00,2017-08-07T00:00:00Z,2017,Aug,219,TN,0.665
DEP,CR00,2017-08-29T00:00:00Z,2017,Aug,241,DIN,0.30300000000000005
DEP,CR00,2017-08-29T00:00:00Z,2017,Aug,241,TN,0.486
DEP,CR00,2017-09-20T00:00:00Z,2017,Sep,263,DIN,0.42599999999999993
DEP,CR00,2017-09-20T00:00:00Z,2017,Sep,263,TN,0.717
DEP,CR-31,2016-07-08T00:00:00Z,2016,Jul,190,DIN,0.129
DEP,CR-31,2016-07-08T00:00:00Z,2016,Jul,190,TN,0.391
DEP,CR-31,2017-06-01T00:00:00Z,2017,Jun,152,DIN,0.114
DEP,CR-31,2017-06-01T00:00:00Z,2017,Jun,152,TN,0.412
DEP,CR-31,2017-06-26T00:00:00Z,2017,Jun,177,DIN,0.045
DEP,CR-31,2017-06-26T00:00:00Z,2017,Jun,177,TN,0.264
DEP,CR-31,2017-07-17T00:00:00Z,2017,Jul,198,DIN,0.374
DEP,CR-31,2017-07-17T00:00:00Z,2017,Jul,198,TN,0.739
DEP,CR-31,2017-08-07T00:00:00Z,2017,Aug,219,DIN,0.07500000000000001
DEP,CR-31,2017-08-07T00:00:00Z,2017,Aug,219,TN,0.292
DEP,CR-31,2017-08-29T00:00:00Z,2017,Aug,241,DIN,0.369
DEP,CR-31,2017-08-29T00:00:00Z,2017,Aug,241,TN,0.807
DEP,CR-31,2017-09-20T00:00:00Z,2017,Sep,263,DIN,0.11
DEP,CR-31,2017-09-20T00:00:00Z,2017,Sep,263,TN,0.205
DEP,CRTRIB0,2017-06-01T00:00:00Z,2017,Jun,152,DIN,0.18200000000000002
DEP,CRTRIB0,2017-06-01T00:00:00Z,2017,Jun,152,TN,0.393
DEP,CRTRIB0,2017-06-26T00:00:00Z,2017,Jun,177,DIN,0.044
DEP,CRTRIB0,2017-06-26T00:00:00Z,2017,Jun,177,TN,0.499
DEP,CRTRIB0,2017-07-17T00:00:00Z,2017,Jul,198,DIN,0.022000000000000002
DEP,CRTRIB0,2017-07-17T00:00:00Z,2017,Jul,198,TN,1.327
DEP,CRTRIB0,2017-08-07T00:00:00Z,2017,Aug,219,DIN,0.485
DEP,CRTRIB0,2017-08-07T00:00:00Z,2017,Aug,219,TN,0.858
DEP,CRTRIB0,2017-08-29T00:00:00Z,2017,Aug,241,DIN,0.094
DEP,CRTRIB0,2017-08-29T00:00:00Z,2017,Aug,241,TN,0.571
DEP,CRTRIB0,2017-09-20T00:00:00Z,2017,Sep,263,DIN,0.46799999999999997
DEP,CRTRIB0,2017-09-20T00:00:00Z,2017,Sep,263,TN,0.975
DEP,EEB18,2018-05-10T00:00:00Z,2018,May,130,DIN,0.11399999999999999
DEP,EEB18,2018-05-10T00:00:00Z,2018,May,130,TN,0.412
DEP,EEB18,2018-05-31T00:00:00Z,2018,May,151,DIN,0.041999999999999996
DEP,EEB18,2018-05-31T00:00:00Z,2018,May,151,TN,0.661
DEP,EEB18,2018-06-25T00:00:00Z,2018,Jun,176,DIN,0.035
DEP,EEB18,2018-06-25T00:00:00Z,2018,Jun,176,TN,0.314
DEP,EEB18,2018-07-18T00:00:00Z,2018,Jul,199,DIN,0.07200000000000001
DEP,EEB18,2018-07-18T00:00:00Z,2018,Jul,199,TN,0.294
DEP,EEB18,2018-08-08T00:00:00Z,2018,Aug,220,DIN,0.07400000000000001
DEP,EEB18,2018-08-08T00:00:00Z,2018,Aug,220,TN,0.234
DEP,EEB18,2018-08-30T00:00:00Z,2018,Aug,242,DIN,0.096
DEP,EEB18,2018-08-30T00:00:00Z,2018,Aug,242,TN,0.455
DEP,EEB18,2018-09-20T00:00:00Z,2018,Sep,263,DIN,0.07100000000000001
DEP,EEB18,2018-09-20T00:00:00Z,2018,Sep,263,TN,0.203
DEP,EEB18,2018-10-12T00:00:00Z,2018,Oct,285,DIN,0.093
DEP,EEB18,2018-10-12T00:00:00Z,2018,Oct,285,TN,0.21
DEP,EEB18,2019-05-15T00:00:00Z,2019,May,135,DIN,0.41290000000000004
DEP,EEB18,2019-05-15T00:00:00Z,2019,May,135,TN,0.435
DEP,EEB18,2019-06-05T00:00:00Z,2019,Jun,156,DIN,4.0391
DEP,EEB18,2019-06-05T00:00:00Z,2019,Jun,156,TN,0.269
DEP,EEB18,2019-06-27T00:00:00Z,2019,Jun,178,DIN,0.0837
DEP,EEB18,2019-06-27T00:00:00Z,2019,Jun,178,TN,0.652
DEP,EEB18,2019-07-19T00:00:00Z,2019,Jul,200,DIN,0.0296
DEP,EEB18,2019-07-19T00:00:00Z,2019,Jul,200,TN,0.237
DEP,EEB18,2019-08-12T00:00:00Z,2019,Aug,224,DIN,0.0328
DEP,EEB18,2019-08-12T00:00:00Z,2019,Aug,224,TN,0.198
DEP,EEB18,2019-09-03T00:00:00Z,2019,Sep,246,DIN,0.019
DEP,EEB18,2019-09-03T00:00:00Z,2019,Sep,246,TN,0.228
DEP,EEB18,2019-09-24T00:00:00Z,2019,Sep,267,DIN,0.064
DEP,EEB18,2019-09-24T00:00:00Z,2019,Sep,267,TN,0.253
DEP,EEB18,2019-10-16T00:00:00Z,2019,Oct,289,DIN,0.0474
DEP,EEB18,2019-10-16T00:00:00Z,2019,Oct,289,TN,0.203
DEP,FR09,2016-07-21T00:00:00Z,2016,Jul,203,DIN,0.032
DEP,FR09,2016-07-21T00:00:00Z,2016,Jul,203,TN,0.18
DEP,FR09,2016-08-23T00:00:00Z,2016,Aug,236,DIN,0.03
DEP,FR09,2016-08-23T00:00:00Z,2016,Aug,236,TN,0.211
DEP,FR09,2016-09-19T00:00:00Z,2016,Sep,263,DIN,0.091
DEP,FR09,2016-09-19T00:00:00Z,2016,Sep,263,TN,0.23
DEP,FR09,2017-06-02T00:00:00Z,2017,Jun,153,DIN,0.136
DEP,FR09,2017-06-02T00:00:00Z,2017,Jun,153,TN,0.397
DEP,FR09,2017-06-27T00:00:00Z,2017,Jun,178,DIN,0.048999999999999995
DEP,FR09,2017-06-27T00:00:00Z,2017,Jun,178,TN,0.348
DEP,FR09,2017-07-18T00:00:00Z,2017,Jul,199,DIN,0.012
DEP,FR09,2017-07-18T00:00:00Z,2017,Jul,199,TN,0.248
DEP,FR09,2017-08-08T00:00:00Z,2017,Aug,220,DIN,0.081
DEP,FR09,2017-08-08T00:00:00Z,2017,Aug,220,TN,0.527
DEP,FR09,2017-08-30T00:00:00Z,2017,Aug,242,DIN,0.048999999999999995
DEP,FR09,2017-08-30T00:00:00Z,2017,Aug,242,TN,0.257
DEP,FR09,2017-09-25T00:00:00Z,2017,Sep,268,DIN,0.114
DEP,FR09,2017-09-25T00:00:00Z,2017,Sep,268,TN,0.267
DEP,FR09,2018-05-10T00:00:00Z,2018,May,130,DIN,0.109
DEP,FR09,2018-05-10T00:00:00Z,2018,May,130,TN,0.432
DEP,FR09,2018-05-31T00:00:00Z,2018,May,151,DIN,0.06
DEP,FR09,2018-05-31T00:00:00Z,2018,May,151,TN,0.362
DEP,FR09,2018-06-25T00:00:00Z,2018,Jun,176,DIN,0.012
DEP,FR09,2018-06-25T00:00:00Z,2018,Jun,176,TN,0.36
DEP,FR09,2018-07-18T00:00:00Z,2018,Jul,199,DIN,0.088
DEP,FR09,2018-07-18T00:00:00Z,2018,Jul,199,TN,0.168
DEP,FR09,2018-08-08T00:00:00Z,2018,Aug,220,DIN,0.088
DEP,FR09,2018-08-08T00:00:00Z,2018,Aug,220,TN,0.269
DEP,FR09,2018-08-30T00:00:00Z,2018,Aug,242,DIN,0.08399999999999999
DEP,FR09,2018-08-30T00:00:00Z,2018,Aug,242,TN,0.37
DEP,FR09,2018-10-12T00:00:00Z,2018,Oct,285,DIN,0.1
DEP,FR09,2018-10-12T00:00:00Z,2018,Oct,285,TN,0.284
DEP,FR09,2019-05-15T00:00:00Z,2019,May,135,DIN,0.43210000000000004
DEP,FR09,2019-05-15T00:00:00Z,2019,May,135,TN,0.305
DEP,FR09,2019-06-05T00:00:00Z,2019,Jun,156,DIN,0.42710000000000004
DEP,FR09,2019-06-05T00:00:00Z,2019,Jun,156,TN,0.729
DEP,FR09,2019-06-27T00:00:00Z,2019,Jun,178,DIN,0.0261
DEP,FR09,2019-06-27T00:00:00Z,2019,Jun,178,TN,0.207
DEP,FR09,2019-07-19T00:00:00Z,2019,Jul,200,DIN,0.044700000000000004
DEP,FR09,2019-07-19T00:00:00Z,2019,Jul,200,TN,0.257
DEP,FR09,2019-08-12T00:00:00Z,2019,Aug,224,DIN,0.024
DEP,FR09,2019-08-12T00:00:00Z,2019,Aug,224,TN,0.216
DEP,FR09,2019-09-03T00:00:00Z,2019,Sep,246,DIN,0.016
DEP,FR09,2019-09-03T00:00:00Z,2019,Sep,246,TN,0.391
DEP,FR09,2019-09-24T00:00:00Z,2019,Sep,267,DIN,0.0641
DEP,FR09,2019-09-24T00:00:00Z,2019,Sep,267,TN,0.301
DEP,FR09,2019-10-16T00:00:00Z,2019,Oct,289,DIN,0.0392
DEP,FR09,2019-10-16T00:00:00Z,2019,Oct,289,TN,0.315
DEP,P6FGG,2018-05-10T00:00:00Z,2018,May,130,DIN,0.129
DEP,P6FGG,2018-05-10T00:00:00Z,2018,May,130,TN,0.371
DEP,P6FGG,2018-08-08T00:00:00Z,2018,Aug,220,DIN,0.054
DEP,P6FGG,2018-08-08T00:00:00Z,2018,Aug,220,TN,0.351
DEP,P6FGG,2019-05-15T00:00:00Z,2019,May,135,DIN,0.4259
DEP,P6FGG,2019-05-15T00:00:00Z,2019,May,135,TN,0.389
DEP,P6FGG,2019-06-05T00:00:00Z,2019,Jun,156,DIN,4.0196
DEP,P6FGG,2019-06-05T00:00:00Z,2019,Jun,156,TN,0.508
DEP,P6FGG,2019-06-27T00:00:00Z,2019,Jun,178,DIN,0.0378
DEP,P6FGG,2019-06-27T00:00:00Z,2019,Jun,178,TN,0.259
DEP,P6FGG,2019-07-19T00:00:00Z,2019,Jul,200,DIN,0.0322
DEP,P6FGG,2019-07-19T00:00:00Z,2019,Jul,200,TN,0.222
DEP,P6FGG,2019-08-12T00:00:00Z,2019,Aug,224,DIN,0.012
DEP,P6FGG,2019-08-12T00:00:00Z,2019,Aug,224,TN,0.261
DEP,P6FGG,2019-09-03T00:00:00Z,2019,Sep,246,DIN,0.02
DEP,P6FGG,2019-09-03T00:00:00Z,2019,Sep,246,TN,0.255
DEP,P6FGG,2019-09-24T00:00:00Z,2019,Sep,267,DIN,0.0291
DEP,P6FGG,2019-09-24T00:00:00Z,2019,Sep,267,TN,0.331
DEP,P6FGG,2019-10-16T00:00:00Z,2019,Oct,289,DIN,0.0363
DEP,P6FGG,2019-10-16T00:00:00Z,2019,Oct,289,TN,0.223
DEP,HR01,2016-07-05T00:00:00Z,2016,Jul,187,DIN,0.057
DEP,HR01,2016-07-05T00:00:00Z,2016,Jul,187,TN,0.348
DEP,HR01,2016-07-19T00:00:00Z,2016,Jul,201,DIN,0.045
DEP,HR01,2016-07-19T00:00:00Z,2016,Jul,201,TN,0.38
DEP,HR01,2016-08-01T00:00:00Z,2016,Aug,214,DIN,0.14100000000000001
DEP,HR01,2016-08-01T00:00:00Z,2016,Aug,214,TN,0.401
DEP,HR01,2016-08-12T00:00:00Z,2016,Aug,225,DIN,0.031
DEP,HR01,2016-08-12T00:00:00Z,2016,Aug,225,TN,0.359
DEP,HR01,2016-08-27T00:00:00Z,2016,Aug,240,DIN,0.041999999999999996
DEP,HR01,2016-08-27T00:00:00Z,2016,Aug,240,TN,0.164
DEP,HR01,2016-09-12T00:00:00Z,2016,Sep,256,DIN,0.013000000000000001
DEP,HR01,2016-09-12T00:00:00Z,2016,Sep,256,TN,0.248
DEP,HR01,2016-09-24T00:00:00Z,2016,Sep,268,DIN,0.054000000000000006
DEP,HR01,2016-09-24T00:00:00Z,2016,Sep,268,TN,0.444
DEP,HR02,2016-07-05T00:00:00Z,2016,Jul,187,DIN,0.030000000000000002
DEP,HR02,2016-07-05T00:00:00Z,2016,Jul,187,TN,0.223
DEP,HR02,2016-07-19T00:00:00Z,2016,Jul,201,DIN,0.093
DEP,HR02,2016-07-19T00:00:00Z,2016,Jul,201,TN,0.309
DEP,HR02,2016-08-01T00:00:00Z,2016,Aug,214,DIN,0.073
DEP,HR02,2016-08-01T00:00:00Z,2016,Aug,214,TN,0.259
DEP,HR02,2016-08-12T00:00:00Z,2016,Aug,225,DIN,0.076
DEP,HR02,2016-08-12T00:00:00Z,2016,Aug,225,TN,0.437
DEP,HR02,2016-08-27T00:00:00Z,2016,Aug,240,DIN,0.024
DEP,HR02,2016-08-27T00:00:00Z,2016,Aug,240,TN,0.311
DEP,HR02,2016-09-12T00:00:00Z,2016,Sep,256,DIN,0.077
DEP,HR02,2016-09-12T00:00:00Z,2016,Sep,256,TN,0.572
DEP,HR02,2016-09-24T00:00:00Z,2016,Sep,268,DIN,0.046
DEP,HR02,2016-09-24T00:00:00Z,2016,Sep,268,TN,0.609
DEP,HR03,2016-07-05T00:00:00Z,2016,Jul,187,DIN,0.061
DEP,HR03,2016-07-05T00:00:00Z,2016,Jul,187,TN,0.182
DEP,HR03,2016-07-19T00:00:00Z,2016,Jul,201,DIN,0.042
DEP,HR03,2016-07-19T00:00:00Z,2016,Jul,201,TN,0.275
DEP,HR03,2016-08-01T00:00:00Z,2016,Aug,214,DIN,0.044
DEP,HR03,2016-08-01T00:00:00Z,2016,Aug,214,TN,0.307
DEP,HR03,2016-08-12T00:00:00Z,2016,Aug,225,DIN,0.037
DEP,HR03,2016-08-12T00:00:00Z,2016,Aug,225,TN,0.312
DEP,HR03,2016-08-27T00:00:00Z,2016,Aug,240,DIN,0.025
DEP,HR03,2016-08-27T00:00:00Z,2016,Aug,240,TN,0.22
DEP,HR03,2016-09-12T00:00:00Z,2016,Sep,256,DIN,0.055999999999999994
DEP,HR03,2016-09-12T00:00:00Z,2016,Sep,256,TN,0.293
DEP,HR03,2016-09-24T00:00:00Z,2016,Sep,268,DIN,0.039
DEP,HR03,2016-09-24T00:00:00Z,2016,Sep,268,TN,0.191
DEP,HR04,2016-07-05T00:00:00Z,2016,Jul,187,DIN,0.062
DEP,HR04,2016-07-05T00:00:00Z,2016,Jul,187,TN,0.332
DEP,HR04,2016-07-19T00:00:00Z,2016,Jul,201,DIN,0.07200000000000001
DEP,HR04,2016-07-19T00:00:00Z,2016,Jul,201,TN,0.248
DEP,HR04,2016-08-01T00:00:00Z,2016,Aug,214,DIN,0.035
DEP,HR04,2016-08-01T00:00:00Z,2016,Aug,214,TN,0.222
DEP,HR04,2016-08-12T00:00:00Z,2016,Aug,225,DIN,0.019
DEP,HR04,2016-08-12T00:00:00Z,2016,Aug,225,TN,0.188
DEP,HR04,2016-08-27T00:00:00Z,2016,Aug,240,DIN,0.036
DEP,HR04,2016-08-27T00:00:00Z,2016,Aug,240,TN,0.138
DEP,HR04,2016-09-12T00:00:00Z,2016,Sep,256,DIN,0.066
DEP,HR04,2016-09-12T00:00:00Z,2016,Sep,256,TN,0.261
DEP,HR04,2016-09-24T00:00:00Z,2016,Sep,268,DIN,0.06899999999999999
DEP,HR04,2016-09-24T00:00:00Z,2016,Sep,268,TN,0.228
DEP,HR05,2016-07-05T00:00:00Z,2016,Jul,187,DIN,0.045
DEP,HR05,2016-07-05T00:00:00Z,2016,Jul,187,TN,0.184
DEP,HR05,2016-07-19T00:00:00Z,2016,Jul,201,DIN,0.066
DEP,HR05,2016-07-19T00:00:00Z,2016,Jul,201,TN,0.193
DEP,HR05,2016-08-01T00:00:00Z,2016,Aug,214,DIN,0.028
DEP,HR05,2016-08-01T00:00:00Z,2016,Aug,214,TN,0.181
DEP,HR05,2016-08-12T00:00:00Z,2016,Aug,225,DIN,0.028999999999999998
DEP,HR05,2016-08-12T00:00:00Z,2016,Aug,225,TN,0.308
DEP,HR05,2016-08-27T00:00:00Z,2016,Aug,240,DIN,0.041
DEP,HR05,2016-08-27T00:00:00Z,2016,Aug,240,TN,0.331
DEP,HR05,2016-09-12T00:00:00Z,2016,Sep,256,DIN,0.034
DEP,HR05,2016-09-12T00:00:00Z,2016,Sep,256,TN,0.204
DEP,HR05,2016-09-24T00:00:00Z,2016,Sep,268,DIN,0.052
DEP,HR05,2016-09-24T00:00:00Z,2016,Sep,268,TN,0.589
DEP,CBPR,2017-06-02T00:00:00Z,2017,Jun,153,DIN,0.10600000000000001
DEP,CBPR,2017-06-02T00:00:00Z,2017,Jun,153,TN,0.326
DEP,CBPR,2017-06-27T00:00:00Z,2017,Jun,178,DIN,0.039999999999999994
DEP,CBPR,2017-06-27T00:00:00Z,2017,Jun,178,TN,0.4
DEP,CBPR,2017-07-18T00:00:00Z,2017,Jul,199,DIN,0.045
DEP,CBPR,2017-07-18T00:00:00Z,2017,Jul,199,TN,0.309
DEP,CBPR,2017-08-08T00:00:00Z,2017,Aug,220,DIN,0.096
DEP,CBPR,2017-08-08T00:00:00Z,2017,Aug,220,TN,0.398
DEP,CBPR,2017-08-30T00:00:00Z,2017,Aug,242,DIN,0.045
DEP,CBPR,2017-08-30T00:00:00Z,2017,Aug,242,TN,0.274
DEP,CBPR,2017-09-25T00:00:00Z,2017,Sep,268,DIN,0.117
DEP,CBPR,2017-09-25T00:00:00Z,2017,Sep,268,TN,0.285
DEP,CBPR,2018-05-10T00:00:00Z,2018,May,130,DIN,0.137
DEP,CBPR,2018-05-10T00:00:00Z,2018,May,130,TN,0.428
DEP,CBPR,2018-05-31T00:00:00Z,2018,May,151,DIN,0.047
DEP,CBPR,2018-05-31T00:00:00Z,2018,May,151,TN,0.183
DEP,CBPR,2018-06-25T00:00:00Z,2018,Jun,176,DIN,0.046
DEP,CBPR,2018-06-25T00:00:00Z,2018,Jun,176,TN,0.509
DEP,CBPR,2018-07-18T00:00:00Z,2018,Jul,199,DIN,0.078
DEP,CBPR,2018-07-18T00:00:00Z,2018,Jul,199,TN,0.17
DEP,CBPR,2018-08-30T00:00:00Z,2018,Aug,242,DIN,0.065
DEP,CBPR,2018-08-30T00:00:00Z,2018,Aug,242,TN,0.302
DEP,CBPR,2018-09-20T00:00:00Z,2018,Sep,263,DIN,0.07200000000000001
DEP,CBPR,2018-09-20T00:00:00Z,2018,Sep,263,TN,0.191
DEP,CBPR,2018-10-12T00:00:00Z,2018,Oct,285,DIN,0.09
DEP,CBPR,2018-10-12T00:00:00Z,2018,Oct,285,TN,0.326
DEP,CBPR,2019-05-15T00:00:00Z,2019,May,135,DIN,0.45170000000000005
DEP,CBPR,2019-05-15T00:00:00Z,2019,May,135,TN,0.321
DEP,CBPR,2019-06-05T00:00:00Z,2019,Jun,156,DIN,4.0332
DEP,CBPR,2019-06-05T00:00:00Z,2019,Jun,156,TN,0.209
DEP,CBPR,2019-06-27T00:00:00Z,2019,Jun,178,DIN,0.041400000000000006
DEP,CBPR,2019-06-27T00:00:00Z,2019,Jun,178,TN,0.26
DEP,CBPR,2019-07-19T00:00:00Z,2019,Jul,200,DIN,0.0235
DEP,CBPR,2019-07-19T00:00:00Z,2019,Jul,200,TN,0.204
DEP,CBPR,2019-08-12T00:00:00Z,2019,Aug,224,DIN,0.022600000000000002
DEP,CBPR,2019-08-12T00:00:00Z,2019,Aug,224,TN,0.251
DEP,CBPR,2019-09-03T00:00:00Z,2019,Sep,246,DIN,0.02
DEP,CBPR,2019-09-03T00:00:00Z,2019,Sep,246,TN,0.243
DEP,CBPR,2019-09-24T00:00:00Z,2019,Sep,267,DIN,0.026099999999999998
DEP,CBPR,2019-09-24T00:00:00Z,2019,Sep,267,TN,0.289
DEP,CBPR,2019-10-16T00:00:00Z,2019,Oct,289,DIN,0.0363
DEP,CBPR,2019-10-16T00:00:00Z,2019,Oct,289,TN,0.295
DEP,PR-17,2018-05-10T00:00:00Z,2018,May,130,DIN,0.174
DEP,PR-17,2018-05-10T00:00:00Z,2018,May,130,TN,0.443
DEP,PR-17,2018-05-31T00:00:00Z,2018,May,151,DIN,0.156
DEP,PR-17,2018-05-31T00:00:00Z,2018,May,151,TN,0.546
DEP,PR-17,2018-06-25T00:00:00Z,2018,Jun,176,DIN,0.163
DEP,PR-17,2018-06-25T00:00:00Z,2018,Jun,176,TN,0.593
DEP,PR-17,2018-07-18T00:00:00Z,2018,Jul,199,DIN,0.157
DEP,PR-17,2018-07-18T00:00:00Z,2018,Jul,199,TN,0.38
DEP,PR-17,2018-08-30T00:00:00Z,2018,Aug,242,DIN,0.145
DEP,PR-17,2018-08-30T00:00:00Z,2018,Aug,242,TN,0.521
DEP,PR-17,2018-09-20T00:00:00Z,2018,Sep,263,DIN,0.178
DEP,PR-17,2018-09-20T00:00:00Z,2018,Sep,263,TN,0.378
DEP,PR-17,2018-10-12T00:00:00Z,2018,Oct,285,DIN,0.138
DEP,PR-17,2018-10-12T00:00:00Z,2018,Oct,285,TN,0.211
DEP,PR-17,2019-05-15T00:00:00Z,2019,May,135,DIN,0.512
DEP,PR-17,2019-05-15T00:00:00Z,2019,May,135,TN,0.508
DEP,PR-17,2019-06-05T00:00:00Z,2019,Jun,156,DIN,0.1966
DEP,PR-17,2019-06-05T00:00:00Z,2019,Jun,156,TN,0.906
DEP,PR-17,2019-06-27T00:00:00Z,2019,Jun,178,DIN,0.11979999999999999
DEP,PR-17,2019-06-27T00:00:00Z,2019,Jun,178,TN,0.357
DEP,PR-17,2019-07-19T00:00:00Z,2019,Jul,200,DIN,0.113
DEP,PR-17,2019-07-19T00:00:00Z,2019,Jul,200,TN,0.361
DEP,PR-17,2019-08-12T00:00:00Z,2019,Aug,224,DIN,0.10419999999999999
DEP,PR-17,2019-08-12T00:00:00Z,2019,Aug,224,TN,0.305
DEP,PR-17,2019-09-03T00:00:00Z,2019,Sep,246,DIN,0.0973
DEP,PR-17,2019-09-03T00:00:00Z,2019,Sep,246,TN,0.403
DEP,PR-17,2019-09-24T00:00:00Z,2019,Sep,267,DIN,0.1585
DEP,PR-17,2019-09-24T00:00:00Z,2019,Sep,267,TN,0.358
DEP,PR-17,2019-10-16T00:00:00Z,2019,Oct,289,DIN,0.0905
DEP,PR-17,2019-10-16T00:00:00Z,2019,Oct,289,TN,0.256
DEP,PR-28,2017-06-02T00:00:00Z,2017,Jun,153,DIN,0.119
DEP,PR-28,2017-06-02T00:00:00Z,2017,Jun,153,TN,0.439
DEP,PR-28,2017-06-27T00:00:00Z,2017,Jun,178,DIN,0.03900000000000001
DEP,PR-28,2017-06-27T00:00:00Z,2017,Jun,178,TN,0.259
DEP,PR-28,2017-07-18T00:00:00Z,2017,Jul,199,DIN,0.098
DEP,PR-28,2017-07-18T00:00:00Z,2017,Jul,199,TN,0.533
DEP,PR-28,2017-08-08T00:00:00Z,2017,Aug,220,DIN,0.14700000000000002
DEP,PR-28,2017-08-08T00:00:00Z,2017,Aug,220,TN,0.336
DEP,PR-28,2017-08-30T00:00:00Z,2017,Aug,242,DIN,0.092
DEP,PR-28,2017-08-30T00:00:00Z,2017,Aug,242,TN,0.383
DEP,PR-28,2017-09-25T00:00:00Z,2017,Sep,268,DIN,0.12300000000000001
DEP,PR-28,2017-09-25T00:00:00Z,2017,Sep,268,TN,0.32
DEP,PR-28,2018-05-10T00:00:00Z,2018,May,130,DIN,0.15400000000000003
DEP,PR-28,2018-05-10T00:00:00Z,2018,May,130,TN,0.499
DEP,PR-28,2018-05-31T00:00:00Z,2018,May,151,DIN,0.09
DEP,PR-28,2018-05-31T00:00:00Z,2018,May,151,TN,0.492
DEP,PR-28,2018-06-25T00:00:00Z,2018,Jun,176,DIN,0.08299999999999999
DEP,PR-28,2018-06-25T00:00:00Z,2018,Jun,176,TN,0.325
DEP,PR-28,2018-07-18T00:00:00Z,2018,Jul,199,DIN,0.11299999999999999
DEP,PR-28,2018-07-18T00:00:00Z,2018,Jul,199,TN,0.247
DEP,PR-28,2018-08-30T00:00:00Z,2018,Aug,242,DIN,0.119
DEP,PR-28,2018-08-30T00:00:00Z,2018,Aug,242,TN,0.393
DEP,PR-28,2018-09-20T00:00:00Z,2018,Sep,263,DIN,0.14300000000000002
DEP,PR-28,2018-09-20T00:00:00Z,2018,Sep,263,TN,0.305
DEP,PR-28,2018-10-12T00:00:00Z,2018,Oct,285,DIN,0.097
DEP,PR-28,2018-10-12T00:00:00Z,2018,Oct,285,TN,0.187
DEP,PR-28,2019-05-15T00:00:00Z,2019,May,135,DIN,0.4939
DEP,PR-28,2019-05-15T00:00:00Z,2019,May,135,TN,0.255
DEP,PR-28,2019-06-05T00:00:00Z,2019,Jun,156,DIN,4.0257
DEP,PR-28,2019-06-05T00:00:00Z,2019,Jun,156,TN,0.183
DEP,PR-28,2019-06-27T00:00:00Z,2019,Jun,178,DIN,0.10769999999999999
DEP,PR-28,2019-06-27T00:00:00Z,2019,Jun,178,TN,0.39
DEP,PR-28,2019-07-19T00:00:00Z,2019,Jul,200,DIN,0.0262
DEP,PR-28,2019-07-19T00:00:00Z,2019,Jul,200,TN,0.285
DEP,PR-28,2019-08-12T00:00:00Z,2019,Aug,224,DIN,0.0651
DEP,PR-28,2019-08-12T00:00:00Z,2019,Aug,224,TN,0.225
DEP,PR-28,2019-09-03T00:00:00Z,2019,Sep,246,DIN,0.018000000000000002
DEP,PR-28,2019-09-03T00:00:00Z,2019,Sep,246,TN,0.275
DEP,PR-28,2019-09-24T00:00:00Z,2019,Sep,267,DIN,0.0999
DEP,PR-28,2019-09-24T00:00:00Z,2019,Sep,267,TN,0.259
DEP,PR-28,2019-10-16T00:00:00Z,2019,Oct,289,DIN,0.0484
DEP,PR-28,2019-10-16T00:00:00Z,2019,Oct,289,TN,0.289
DEP,RR00_A,2017-06-25T00:00:00Z,2017,Jun,176,DIN,0.30200000000000005
DEP,RR00_A,2017-06-25T00:00:00Z,2017,Jun,176,TN,0.449
DEP,RR00_A,2017-06-26T00:00:00Z,2017,Jun,177,DIN,0.29800000000000004
DEP,RR00_A,2017-06-26T00:00:00Z,2017,Jun,177,TN,0.525
DEP,RR00_A,2017-07-14T00:00:00Z,2017,Jul,195,DIN,0.34700000000000003
DEP,RR00_A,2017-07-14T00:00:00Z,2017,Jul,195,TN,0.655
DEP,RR00_A,2017-07-17T00:00:00Z,2017,Jul,198,DIN,0.35600000000000004
DEP,RR00_A,2017-07-17T00:00:00Z,2017,Jul,198,TN,0.645
DEP,RR00_A,2017-07-28T00:00:00Z,2017,Jul,209,DIN,0.277
DEP,RR00_A,2017-07-28T00:00:00Z,2017,Jul,209,TN,0.634
DEP,RR00_A,2017-08-04T00:00:00Z,2017,Aug,216,DIN,0.42100000000000004
DEP,RR00_A,2017-08-04T00:00:00Z,2017,Aug,216,TN,0.637
DEP,RR00_A,2017-08-07T00:00:00Z,2017,Aug,219,DIN,0.48400000000000004
DEP,RR00_A,2017-08-07T00:00:00Z,2017,Aug,219,TN,0.737
DEP,RR00_A,2017-08-08T00:00:00Z,2017,Aug,220,DIN,0.35600000000000004
DEP,RR00_A,2017-08-08T00:00:00Z,2017,Aug,220,TN,0.463
DEP,RR-01,2017-06-01T00:00:00Z,2017,Jun,152,DIN,0.191
DEP,RR-01,2017-06-01T00:00:00Z,2017,Jun,152,TN,0.633
DEP,RR-01,2017-06-26T00:00:00Z,2017,Jun,177,DIN,0.263
DEP,RR-01,2017-06-26T00:00:00Z,2017,Jun,177,TN,0.325
DEP,RR-01,2017-07-17T00:00:00Z,2017,Jul,198,DIN,0.347
DEP,RR-01,2017-07-17T00:00:00Z,2017,Jul,198,TN,0.664
DEP,RR-01,2017-08-07T00:00:00Z,2017,Aug,219,DIN,0.445
DEP,RR-01,2017-08-07T00:00:00Z,2017,Aug,219,TN,0.826
DEP,RR-01,2017-08-29T00:00:00Z,2017,Aug,241,DIN,0.23099999999999998
DEP,RR-01,2017-08-29T00:00:00Z,2017,Aug,241,TN,0.697
DEP,RR-01,2017-09-20T00:00:00Z,2017,Sep,263,DIN,0.388
DEP,RR-01,2017-09-20T00:00:00Z,2017,Sep,263,TN,0.541
DEP,RR-06,2016-08-09T00:00:00Z,2016,Aug,222,DIN,0.124
DEP,RR-06,2016-08-09T00:00:00Z,2016,Aug,222,TN,0.384
DEP,RR-06,2016-08-25T00:00:00Z,2016,Aug,238,DIN,0.124
DEP,RR-06,2016-08-25T00:00:00Z,2016,Aug,238,TN,0.369
DEP,RR-06,2017-06-01T00:00:00Z,2017,Jun,152,DIN,0.182
DEP,RR-06,2017-06-01T00:00:00Z,2017,Jun,152,TN,0.441
DEP,RR-06,2017-06-26T00:00:00Z,2017,Jun,177,DIN,0.143
DEP,RR-06,2017-06-26T00:00:00Z,2017,Jun,177,TN,0.346
DEP,RR-06,2017-07-17T00:00:00Z,2017,Jul,198,DIN,0.202
DEP,RR-06,2017-07-17T00:00:00Z,2017,Jul,198,TN,0.605
DEP,RR-06,2017-08-07T00:00:00Z,2017,Aug,219,DIN,0.15100000000000002
DEP,RR-06,2017-08-07T00:00:00Z,2017,Aug,219,TN,0.365
DEP,RR-06,2017-08-29T00:00:00Z,2017,Aug,241,DIN,0.101
DEP,RR-06,2017-08-29T00:00:00Z,2017,Aug,241,TN,0.44
DEP,RR-06,2017-09-20T00:00:00Z,2017,Sep,263,DIN,0.131
DEP,RR-06,2017-09-20T00:00:00Z,2017,Sep,263,TN,0.563
DEP,RR-13,2016-08-09T00:00:00Z,2016,Aug,222,DIN,0.064
DEP,RR-13,2016-08-09T00:00:00Z,2016,Aug,222,TN,0.417
DEP,RR-13,2016-08-25T00:00:00Z,2016,Aug,238,DIN,0.009000000000000001
DEP,RR-13,2016-08-25T00:00:00Z,2016,Aug,238,TN,0.21
DEP,RR-13,2017-06-01T00:00:00Z,2017,Jun,152,DIN,0.16799999999999998
DEP,RR-13,2017-06-01T00:00:00Z,2017,Jun,152,TN,0.558
DEP,RR-13,2017-06-26T00:00:00Z,2017,Jun,177,DIN,0.036000000000000004
DEP,RR-13,2017-06-26T00:00:00Z,2017,Jun,177,TN,0.296
DEP,RR-13,2017-07-17T00:00:00Z,2017,Jul,198,DIN,0.076
DEP,RR-13,2017-07-17T00:00:00Z,2017,Jul,198,TN,0.488
DEP,RR-13,2017-08-07T00:00:00Z,2017,Aug,219,DIN,0.089
DEP,RR-13,2017-08-07T00:00:00Z,2017,Aug,219,TN,0.389
DEP,RR-13,2017-08-29T00:00:00Z,2017,Aug,241,DIN,0.08399999999999999
DEP,RR-13,2017-08-29T00:00:00Z,2017,Aug,241,TN,0.435
DEP,RR-13,2017-09-20T00:00:00Z,2017,Sep,263,DIN,0.129
DEP,RR-13,2017-09-20T00:00:00Z,2017,Sep,263,TN,0.363
DEP,RR-19,2016-08-09T00:00:00Z,2016,Aug,222,DIN,0.067
DEP,RR-19,2016-08-09T00:00:00Z,2016,Aug,222,TN,0.338
DEP,RR-19,2016-08-25T00:00:00Z,2016,Aug,238,DIN,0.009000000000000001
DEP,RR-19,2016-08-25T00:00:00Z,2016,Aug,238,TN,0.172
DEP,RR-19,2017-06-01T00:00:00Z,2017,Jun,152,DIN,0.133
DEP,RR-19,2017-06-01T00:00:00Z,2017,Jun,152,TN,0.565
DEP,RR-19,2017-08-29T00:00:00Z,2017,Aug,241,DIN,0.038000000000000006
DEP,RR-19,2017-08-29T00:00:00Z,2017,Aug,241,TN,0.381
DEP,RR-19,2017-09-20T00:00:00Z,2017,Sep,263,DIN,0.113
DEP,RR-19,2017-09-20T00:00:00Z,2017,Sep,263,TN,0.14
DEP,PRV70,2017-06-02T00:00:00Z,2017,Jun,153,DIN,0.155
DEP,PRV70,2017-06-02T00:00:00Z,2017,Jun,153,TN,0.426
DEP,PRV70,2017-06-27T00:00:00Z,2017,Jun,178,DIN,0.216
DEP,PRV70,2017-06-27T00:00:00Z,2017,Jun,178,TN,0.343
DEP,PRV70,2017-07-18T00:00:00Z,2017,Jul,199,DIN,0.135
DEP,PRV70,2017-07-18T00:00:00Z,2017,Jul,199,TN,0.315
DEP,PRV70,2017-08-08T00:00:00Z,2017,Aug,220,DIN,0.122
DEP,PRV70,2017-08-08T00:00:00Z,2017,Aug,220,TN,0.255
DEP,PRV70,2017-08-30T00:00:00Z,2017,Aug,242,DIN,0.173
DEP,PRV70,2017-08-30T00:00:00Z,2017,Aug,242,TN,0.351
DEP,PRV70,2017-09-25T00:00:00Z,2017,Sep,268,DIN,0.167
DEP,PRV70,2017-09-25T00:00:00Z,2017,Sep,268,TN,0.317
DEP,PRV70,2018-05-10T00:00:00Z,2018,May,130,DIN,0.16
DEP,PRV70,2018-05-10T00:00:00Z,2018,May,130,TN,0.307
DEP,PRV70,2018-05-31T00:00:00Z,2018,May,151,DIN,0.19799999999999998
DEP,PRV70,2018-05-31T00:00:00Z,2018,May,151,TN,0.342
DEP,PRV70,2018-06-25T00:00:00Z,2018,Jun,176,DIN,0.20400000000000001
DEP,PRV70,2018-06-25T00:00:00Z,2018,Jun,176,TN,0.487
DEP,PRV70,2018-07-18T00:00:00Z,2018,Jul,199,DIN,0.193
DEP,PRV70,2018-07-18T00:00:00Z,2018,Jul,199,TN,0.437
DEP,PRV70,2018-08-30T00:00:00Z,2018,Aug,242,DIN,0.091
DEP,PRV70,2018-08-30T00:00:00Z,2018,Aug,242,TN,0.328
DEP,PRV70,2018-09-20T00:00:00Z,2018,Sep,263,DIN,0.241
DEP,PRV70,2018-09-20T00:00:00Z,2018,Sep,263,TN,0.376
DEP,PRV70,2018-10-12T00:00:00Z,2018,Oct,285,DIN,0.169
DEP,PRV70,2018-10-12T00:00:00Z,2018,Oct,285,TN,0.234
DEP,PRV70,2019-05-15T00:00:00Z,2019,May,135,DIN,0.22
DEP,PRV70,2019-05-15T00:00:00Z,2019,May,135,TN,0.339
DEP,PRV70,2019-06-05T00:00:00Z,2019,Jun,156,DIN,0.19669999999999999
DEP,PRV70,2019-06-05T00:00:00Z,2019,Jun,156,TN,0.455
DEP,PRV70,2019-06-27T00:00:00Z,2019,Jun,178,DIN,0.11499999999999999
DEP,PRV70,2019-06-27T00:00:00Z,2019,Jun,178,TN,0.424
DEP,PRV70,2019-07-19T00:00:00Z,2019,Jul,200,DIN,0.093
DEP,PRV70,2019-07-19T00:00:00Z,2019,Jul,200,TN,0.308
DEP,PRV70,2019-08-12T00:00:00Z,2019,Aug,224,DIN,0.106
DEP,PRV70,2019-08-12T00:00:00Z,2019,Aug,224,TN,0.317
DEP,PRV70,2019-09-03T00:00:00Z,2019,Sep,246,DIN,0.215
DEP,PRV70,2019-09-03T00:00:00Z,2019,Sep,246,TN,0.318
DEP,PRV70,2019-09-24T00:00:00Z,2019,Sep,267,DIN,0.254
DEP,PRV70,2019-09-24T00:00:00Z,2019,Sep,267,TN,0.362
DEP,PRV70,2019-10-16T00:00:00Z,2019,Oct,289,DIN,0.228
DEP,PRV70,2019-10-16T00:00:00Z,2019,Oct,289,TN,0.254
FOCB,BMR02,2019-05-23T00:00:00Z,2019,May,143,DIN,0.0467767122346015
FOCB,BMR02,2019-05-23T00:00:00Z,2019,May,143,TN,0.427289940386102
FOCB,BMR02,2019-06-12T00:00:00Z,2019,Jun,163,DIN,0.05766254670258334
FOCB,BMR02,2019-06-12T00:00:00Z,2019,Jun,163,TN,0.226380304235798
FOCB,BMR02,2019-07-09T00:00:00Z,2019,Jul,190,DIN,0.07710462939352537
FOCB,BMR02,2019-07-09T00:00:00Z,2019,Jul,190,TN,0.285733001540903
FOCB,BMR02,2019-07-24T00:00:00Z,2019,Jul,205,DIN,0.0880919991581912
FOCB,BMR02,2019-07-24T00:00:00Z,2019,Jul,205,TN,0.268785161793194
FOCB,BMR02,2019-08-14T00:00:00Z,2019,Aug,226,DIN,0.04792970802713337
FOCB,BMR02,2019-08-14T00:00:00Z,2019,Aug,226,TN,0.244473905362753
FOCB,BMR02,2019-09-05T00:00:00Z,2019,Sep,248,DIN,0.02921493611103673
FOCB,BMR02,2019-09-05T00:00:00Z,2019,Sep,248,TN,0.524589754196872
FOCB,BMR02,2019-09-27T00:00:00Z,2019,Sep,270,DIN,0.01513288014102937
FOCB,BMR02,2019-09-27T00:00:00Z,2019,Sep,270,TN,0.16790379450308
FOCB,BMR02,2019-10-25T00:00:00Z,2019,Oct,298,DIN,0.08476151701801185
FOCB,BMR02,2019-10-25T00:00:00Z,2019,Oct,298,TN,0.229554230263732
FOCB,CMS1,2017-10-04T00:00:00Z,2017,Oct,277,DIN,0.09888942
FOCB,CMS1,2017-10-04T00:00:00Z,2017,Oct,277,TN,0.25
FOCB,CMS1,2019-05-22T00:00:00Z,2019,May,142,DIN,0.00929635129112951
FOCB,CMS1,2019-05-22T00:00:00Z,2019,May,142,TN,0.435955141650684
FOCB,CMS1,2019-06-12T00:00:00Z,2019,Jun,163,DIN,0.01533093520326202
FOCB,CMS1,2019-06-12T00:00:00Z,2019,Jun,163,TN,0.176256989906918
FOCB,CMS1,2019-07-09T00:00:00Z,2019,Jul,190,DIN,0.01179189421291108
FOCB,CMS1,2019-07-09T00:00:00Z,2019,Jul,190,TN,0.17547114504378
FOCB,CMS1,2019-07-23T00:00:00Z,2019,Jul,204,DIN,0.0185423860821826
FOCB,CMS1,2019-07-23T00:00:00Z,2019,Jul,204,TN,0.206385194776397
FOCB,CMS1,2019-08-13T00:00:00Z,2019,Aug,225,DIN,0.00563755432408745
FOCB,CMS1,2019-08-13T00:00:00Z,2019,Aug,225,TN,0.166974689292103
FOCB,CMS1,2019-09-05T00:00:00Z,2019,Sep,248,DIN,0.00692729256683067
FOCB,CMS1,2019-09-05T00:00:00Z,2019,Sep,248,TN,0.229554230263732
FOCB,CMS1,2019-09-26T00:00:00Z,2019,Sep,269,DIN,0.01070396237332723
FOCB,CMS1,2019-09-26T00:00:00Z,2019,Sep,269,TN,0.179307853567286
FOCB,CMS1,2019-10-24T00:00:00Z,2019,Oct,297,DIN,0.00866020527226377
FOCB,CMS1,2019-10-24T00:00:00Z,2019,Oct,297,TN,0.162901783677134
FOCB,EEB18,2017-07-21T00:00:00Z,2017,Jul,202,DIN,0.04384191
FOCB,EEB18,2017-07-21T00:00:00Z,2017,Jul,202,TN,0.29
FOCB,EEB18,2017-10-04T00:00:00Z,2017,Oct,277,DIN,0.12368181
FOCB,EEB18,2017-10-04T00:00:00Z,2017,Oct,277,TN,0.33
FOCB,EEB18,2019-05-23T00:00:00Z,2019,May,143,DIN,0.02087306625917645
FOCB,EEB18,2019-05-23T00:00:00Z,2019,May,143,TN,0.504554651661955
FOCB,EEB18,2019-06-12T00:00:00Z,2019,Jun,163,DIN,0.05610218484140405
FOCB,EEB18,2019-06-12T00:00:00Z,2019,Jun,163,TN,0.141969762850563
FOCB,EEB18,2019-07-09T00:00:00Z,2019,Jul,190,DIN,0.08062872058750395
FOCB,EEB18,2019-07-09T00:00:00Z,2019,Jul,190,TN,0.302320276030901
FOCB,EEB18,2019-07-23T00:00:00Z,2019,Jul,204,DIN,0.10238115663832896
FOCB,EEB18,2019-07-23T00:00:00Z,2019,Jul,204,TN,0.273798628670713
FOCB,EEB18,2019-08-14T00:00:00Z,2019,Aug,226,DIN,0.05985052835849853
FOCB,EEB18,2019-08-14T00:00:00Z,2019,Aug,226,TN,0.232658865099259
FOCB,EEB18,2019-09-05T00:00:00Z,2019,Sep,248,DIN,0.02193718231252951
FOCB,EEB18,2019-09-05T00:00:00Z,2019,Sep,248,TN,0.372380901520727
FOCB,EEB18,2019-09-27T00:00:00Z,2019,Sep,270,DIN,0.02172578454594147
FOCB,EEB18,2019-09-27T00:00:00Z,2019,Sep,270,TN,0.176049550977513
FOCB,EEB18,2019-10-25T00:00:00Z,2019,Oct,298,DIN,0.11381269617428648
FOCB,EEB18,2019-10-25T00:00:00Z,2019,Oct,298,TN,0.3243023188122
FOCB,HR1,2017-08-30T00:00:00Z,2017,Aug,242,DIN,0.11947971000000002
FOCB,HR1,2017-08-30T00:00:00Z,2017,Aug,242,TN,0.26
FOCB,HR1,2017-09-13T00:00:00Z,2017,Sep,256,DIN,0.00154077
FOCB,HR1,2017-09-13T00:00:00Z,2017,Sep,256,TN,0.22
FOCB,HR1,2017-09-25T00:00:00Z,2017,Sep,268,DIN,0.00168083999999999
FOCB,HR1,2017-09-25T00:00:00Z,2017,Sep,268,TN,0.23
FOCB,HR1,2019-05-23T00:00:00Z,2019,May,143,DIN,0.00331708336608224
FOCB,HR1,2019-05-23T00:00:00Z,2019,May,143,TN,0.285036219625886
FOCB,HR1,2019-06-12T00:00:00Z,2019,Jun,163,DIN,0.01954546171609355
FOCB,HR1,2019-06-12T00:00:00Z,2019,Jun,163,TN,0.150655306382138
FOCB,HR1,2019-07-09T00:00:00Z,2019,Jul,190,DIN,0.01918430406712762
FOCB,HR1,2019-07-09T00:00:00Z,2019,Jul,190,TN,0.298929942385451
FOCB,HR1,2019-07-24T00:00:00Z,2019,Jul,205,DIN,0.01301161055172867
FOCB,HR1,2019-07-24T00:00:00Z,2019,Jul,205,TN,0.221164134333007
FOCB,HR1,2019-08-14T00:00:00Z,2019,Aug,226,DIN,0.03308049391528035
FOCB,HR1,2019-08-14T00:00:00Z,2019,Aug,226,TN,0.221164134333007
FOCB,HR1,2019-09-05T00:00:00Z,2019,Sep,248,DIN,0.00814150740977633
FOCB,HR1,2019-09-05T00:00:00Z,2019,Sep,248,TN,0.269145727050906
FOCB,HR1,2019-09-27T00:00:00Z,2019,Sep,270,DIN,0.00412225009199968
FOCB,HR1,2019-09-27T00:00:00Z,2019,Sep,270,TN,0.280756819193904
FOCB,HR1,2019-10-25T00:00:00Z,2019,Oct,298,DIN,0.03203580209686005
FOCB,HR1,2019-10-25T00:00:00Z,2019,Oct,298,TN,0.17279124838774
FOCB,HR2,2017-08-24T00:00:00Z,2017,Aug,236,DIN,0.16346169
FOCB,HR2,2017-08-24T00:00:00Z,2017,Aug,236,TN,0.28
FOCB,HR2,2017-08-30T00:00:00Z,2017,Aug,242,DIN,0.00546273
FOCB,HR2,2017-08-30T00:00:00Z,2017,Aug,242,TN,0.27
FOCB,HR2,2017-09-13T00:00:00Z,2017,Sep,256,DIN,0.02689343999999999
FOCB,HR2,2017-09-13T00:00:00Z,2017,Sep,256,TN,0.24
FOCB,HR2,2017-09-25T00:00:00Z,2017,Sep,268,DIN,0.22845417
FOCB,HR2,2017-09-25T00:00:00Z,2017,Sep,268,TN,0.24
FOCB,HR2,2019-08-14T00:00:00Z,2019,Aug,226,DIN,0.03186977742313169
FOCB,HR2,2019-08-14T00:00:00Z,2019,Aug,226,TN,0.53973238699771
FOCB,HR2,2019-09-05T00:00:00Z,2019,Sep,248,DIN,0.02111376623227933
FOCB,HR2,2019-09-05T00:00:00Z,2019,Sep,248,TN,0.284074274091904
FOCB,HR2,2019-09-27T00:00:00Z,2019,Sep,270,DIN,0.0113513325492541
FOCB,HR2,2019-09-27T00:00:00Z,2019,Sep,270,TN,0.237489045333565
FOCB,HR3,2017-08-24T00:00:00Z,2017,Aug,236,DIN,0.00224112
FOCB,HR3,2017-08-24T00:00:00Z,2017,Aug,236,TN,0.28
FOCB,HR3,2017-08-30T00:00:00Z,2017,Aug,242,DIN,0.09328662
FOCB,HR3,2017-08-30T00:00:00Z,2017,Aug,242,TN,0.28
FOCB,HR3,2017-09-13T00:00:00Z,2017,Sep,256,DIN,0.05770884
FOCB,HR3,2017-09-13T00:00:00Z,2017,Sep,256,TN,0.26
FOCB,HR3,2019-08-14T00:00:00Z,2019,Aug,226,DIN,0.03140908398685053
FOCB,HR3,2019-08-14T00:00:00Z,2019,Aug,226,TN,0.18667994203425
FOCB,HR3,2019-09-05T00:00:00Z,2019,Sep,248,DIN,0.02497451035578598
FOCB,HR3,2019-09-05T00:00:00Z,2019,Sep,248,TN,0.303979003479901
FOCB,HR3,2019-09-27T00:00:00Z,2019,Sep,270,DIN,0.01376204747565692
FOCB,HR3,2019-09-27T00:00:00Z,2019,Sep,270,TN,0.248597786431331
FOCB,HR4,2019-05-22T00:00:00Z,2019,May,142,DIN,0.01595447671176916
FOCB,HR4,2019-05-22T00:00:00Z,2019,May,142,TN,0.332694826581085
FOCB,HR4,2019-06-13T00:00:00Z,2019,Jun,164,DIN,0.07185920166979207
FOCB,HR4,2019-06-13T00:00:00Z,2019,Jun,164,TN,0.190360648240766
FOCB,HR4,2019-07-23T00:00:00Z,2019,Jul,204,DIN,0.06032005509124438
FOCB,HR4,2019-07-23T00:00:00Z,2019,Jul,204,TN,0.334469337600349
FOCB,HR4,2019-08-13T00:00:00Z,2019,Aug,225,DIN,0.08757672398308357
FOCB,HR4,2019-08-13T00:00:00Z,2019,Aug,225,TN,0.387016678246074
FOCB,HR4,2019-09-06T00:00:00Z,2019,Sep,249,DIN,0.10606589950188489
FOCB,HR4,2019-09-06T00:00:00Z,2019,Sep,249,TN,0.387839219312779
FOCB,HR4,2019-09-26T00:00:00Z,2019,Sep,269,DIN,0.11944997268348756
FOCB,HR4,2019-09-26T00:00:00Z,2019,Sep,269,TN,0.356885344709933
FOCB,HR4,2019-10-24T00:00:00Z,2019,Oct,297,DIN,0.06343472316576097
FOCB,HR4,2019-10-24T00:00:00Z,2019,Oct,297,TN,0.334293789185528
FOCB,MPL86,2019-05-22T00:00:00Z,2019,May,142,DIN,0.05887899550587545
FOCB,MPL86,2019-05-22T00:00:00Z,2019,May,142,TN,0.364467231217885
FOCB,MPL86,2019-06-13T00:00:00Z,2019,Jun,164,DIN,0.01687127542534738
FOCB,MPL86,2019-06-13T00:00:00Z,2019,Jun,164,TN,0.153700490244008
FOCB,MPL86,2019-07-10T00:00:00Z,2019,Jul,191,DIN,0.0088163190130483
FOCB,MPL86,2019-07-10T00:00:00Z,2019,Jul,191,TN,0.193823104641404
FOCB,MPL86,2019-07-22T00:00:00Z,2019,Jul,203,DIN,0.01859767634020461
FOCB,MPL86,2019-07-22T00:00:00Z,2019,Jul,203,TN,0.26565287219628
FOCB,MPL86,2019-08-13T00:00:00Z,2019,Aug,225,DIN,0.00666254848414073
FOCB,MPL86,2019-08-13T00:00:00Z,2019,Aug,225,TN,0.18667994203425
FOCB,MPL86,2019-09-06T00:00:00Z,2019,Sep,249,DIN,0.02369962513478399
FOCB,MPL86,2019-09-06T00:00:00Z,2019,Sep,249,TN,0.247732207952526
FOCB,MPL86,2019-09-26T00:00:00Z,2019,Sep,269,DIN,0.00421154794445903
FOCB,MPL86,2019-09-26T00:00:00Z,2019,Sep,269,TN,0.226553241119
FOCB,MPL86,2019-10-24T00:00:00Z,2019,Oct,297,DIN,0.02718321274760582
FOCB,MPL86,2019-10-24T00:00:00Z,2019,Oct,297,TN,0.27240223164083
FOCB,NMM79,2017-10-04T00:00:00Z,2017,Oct,277,DIN,0.08670333000000001
FOCB,NMM79,2017-10-04T00:00:00Z,2017,Oct,277,TN,0.65
FOCB,NMM79,2019-05-22T00:00:00Z,2019,May,142,DIN,0.01626003519961897
FOCB,NMM79,2019-05-22T00:00:00Z,2019,May,142,TN,0.34280422805643
FOCB,NMM79,2019-06-13T00:00:00Z,2019,Jun,164,DIN,0.02607105368779672
FOCB,NMM79,2019-06-13T00:00:00Z,2019,Jun,164,TN,0.266669352125316
FOCB,NMM79,2019-07-10T00:00:00Z,2019,Jul,191,DIN,0.01380319427474828
FOCB,NMM79,2019-07-10T00:00:00Z,2019,Jul,191,TN,0.479804113073878
FOCB,NMM79,2019-07-22T00:00:00Z,2019,Jul,203,DIN,0.05127239691707425
FOCB,NMM79,2019-07-22T00:00:00Z,2019,Jul,203,TN,0.368953529899106
FOCB,NMM79,2019-08-13T00:00:00Z,2019,Aug,225,DIN,0.03623381040478155
FOCB,NMM79,2019-08-13T00:00:00Z,2019,Aug,225,TN,0.729960991238979
FOCB,NMM79,2019-09-26T00:00:00Z,2019,Sep,269,DIN,0.13519069423566157
FOCB,NMM79,2019-09-26T00:00:00Z,2019,Sep,269,TN,1.60970269047778
FOCB,NMM79,2019-10-24T00:00:00Z,2019,Oct,297,DIN,0.07932865988002016
FOCB,NMM79,2019-10-24T00:00:00Z,2019,Oct,297,TN,0.445381200163192
FOCB,OBY35,2019-05-22T00:00:00Z,2019,May,142,DIN,0.00414122325417265
FOCB,OBY35,2019-05-22T00:00:00Z,2019,May,142,TN,0.206327308139269
FOCB,OBY35,2019-06-13T00:00:00Z,2019,Jun,164,DIN,0.00947447503802004
FOCB,OBY35,2019-06-13T00:00:00Z,2019,Jun,164,TN,0.204455356539914
FOCB,OBY35,2019-07-10T00:00:00Z,2019,Jul,191,DIN,0.01369110170253183
FOCB,OBY35,2019-07-10T00:00:00Z,2019,Jul,191,TN,0.126041294695175
FOCB,OBY35,2019-07-22T00:00:00Z,2019,Jul,203,DIN,0.00651662963482227
FOCB,OBY35,2019-07-22T00:00:00Z,2019,Jul,203,TN,0.170258898082461
FOCB,OBY35,2019-08-13T00:00:00Z,2019,Aug,225,DIN,0.0073249983466051
FOCB,OBY35,2019-08-13T00:00:00Z,2019,Aug,225,TN,0.135774705783705
FOCB,OBY35,2019-09-06T00:00:00Z,2019,Sep,249,DIN,0.02691031688646559
FOCB,OBY35,2019-09-06T00:00:00Z,2019,Sep,249,TN,0.316156562337766
FOCB,OBY35,2019-09-26T00:00:00Z,2019,Sep,269,DIN,0.00771280047419989
FOCB,OBY35,2019-09-26T00:00:00Z,2019,Sep,269,TN,0.256532601501164
FOCB,P5BSD,2015-01-23T00:00:00Z,2015,Jan,23,DIN,0.14021007
FOCB,P5BSD,2015-01-23T00:00:00Z,2015,Jan,23,TN,0.26
FOCB,P5BSD,2015-04-23T00:00:00Z,2015,Apr,113,DIN,0.1596798
FOCB,P5BSD,2015-04-23T00:00:00Z,2015,Apr,113,TN,0.25
FOCB,P5BSD,2015-11-25T00:00:00Z,2015,Nov,329,DIN,0.07171584
FOCB,P5BSD,2015-11-25T00:00:00Z,2015,Nov,329,TN,0.23
FOCB,P5BSD,2016-02-23T00:00:00Z,2016,Feb,54,DIN,0.15897945
FOCB,P5BSD,2016-02-23T00:00:00Z,2016,Feb,54,TN,0.32
FOCB,P5BSD,2016-07-15T00:00:00Z,2016,Jul,197,DIN,0.18335163
FOCB,P5BSD,2016-07-15T00:00:00Z,2016,Jul,197,TN,0.37
FOCB,P5BSD,2016-08-16T00:00:00Z,2016,Aug,229,DIN,0.00126063
FOCB,P5BSD,2016-08-16T00:00:00Z,2016,Aug,229,TN,0.37
FOCB,P5BSD,2016-09-28T00:00:00Z,2016,Sep,272,DIN,0.10155075
FOCB,P5BSD,2016-09-28T00:00:00Z,2016,Sep,272,TN,0.2
FOCB,P5BSD,2016-09-28T00:00:00Z,2016,Sep,272,DIN,0.10155075
FOCB,P5BSD,2016-09-28T00:00:00Z,2016,Sep,272,TN,0.2
FOCB,P5BSD,2016-10-19T00:00:00Z,2016,Oct,293,DIN,0.12130062
FOCB,P5BSD,2016-10-19T00:00:00Z,2016,Oct,293,TN,0.3
FOCB,P5BSD,2016-10-19T00:00:00Z,2016,Oct,293,DIN,0.12130062
FOCB,P5BSD,2016-10-19T00:00:00Z,2016,Oct,293,TN,0.3
FOCB,P5BSD,2016-11-18T00:00:00Z,2016,Nov,323,DIN,0.24820404
FOCB,P5BSD,2016-11-18T00:00:00Z,2016,Nov,323,TN,0.31
FOCB,P5BSD,2016-11-18T00:00:00Z,2016,Nov,323,DIN,0.24820404
FOCB,P5BSD,2016-11-18T00:00:00Z,2016,Nov,323,TN,0.31
FOCB,P5BSD,2016-12-20T00:00:00Z,2016,Dec,355,DIN,0.15673833
FOCB,P5BSD,2016-12-20T00:00:00Z,2016,Dec,355,TN,0.25
FOCB,P5BSD,2016-12-20T00:00:00Z,2016,Dec,355,DIN,0.15673833
FOCB,P5BSD,2016-12-20T00:00:00Z,2016,Dec,355,TN,0.25
FOCB,P5BSD,2017-08-24T00:00:00Z,2017,Aug,236,DIN,0.042021
FOCB,P5BSD,2017-08-24T00:00:00Z,2017,Aug,236,TN,0.2
FOCB,P5BSD,2019-05-23T00:00:00Z,2019,May,143,DIN,0.00164746784926234
FOCB,P5BSD,2019-05-23T00:00:00Z,2019,May,143,TN,0.13483939770647
FOCB,P5BSD,2019-06-12T00:00:00Z,2019,Jun,163,DIN,0.01243923221880066
FOCB,P5BSD,2019-06-12T00:00:00Z,2019,Jun,163,TN,0.144741168375922
FOCB,P5BSD,2019-07-09T00:00:00Z,2019,Jul,190,DIN,0.01055847446454641
FOCB,P5BSD,2019-07-09T00:00:00Z,2019,Jul,190,TN,0.227677540825911
FOCB,P5BSD,2019-07-24T00:00:00Z,2019,Jul,205,DIN,0.02105926362485837
FOCB,P5BSD,2019-07-24T00:00:00Z,2019,Jul,205,TN,0.164645491913306
FOCB,P5BSD,2019-08-14T00:00:00Z,2019,Aug,226,DIN,0.02148252281851655
FOCB,P5BSD,2019-08-14T00:00:00Z,2019,Aug,226,TN,0.153837854130672
FOCB,P5BSD,2019-09-05T00:00:00Z,2019,Sep,248,DIN,0.01244201891333323
FOCB,P5BSD,2019-09-05T00:00:00Z,2019,Sep,248,TN,0.257534634907907
FOCB,P5BSD,2019-09-27T00:00:00Z,2019,Sep,270,DIN,0.0094950594142673
FOCB,P5BSD,2019-09-27T00:00:00Z,2019,Sep,270,TN,0.18745361004172
FOCB,P5BSD,2019-10-25T00:00:00Z,2019,Oct,298,DIN,0.03743503152315647
FOCB,P5BSD,2019-10-25T00:00:00Z,2019,Oct,298,TN,0.186209354600916
FOCB,P6FGG,2015-01-23T00:00:00Z,2015,Jan,23,DIN,0.21206598
FOCB,P6FGG,2015-01-23T00:00:00Z,2015,Jan,23,TN,0.27
FOCB,P6FGG,2015-07-22T00:00:00Z,2015,Jul,203,DIN,0.15631812
FOCB,P6FGG,2015-07-22T00:00:00Z,2015,Jul,203,TN,0.28
FOCB,P6FGG,2015-10-27T00:00:00Z,2015,Oct,300,DIN,0.09230613
FOCB,P6FGG,2015-10-27T00:00:00Z,2015,Oct,300,TN,0.22
FOCB,P6FGG,2015-11-25T00:00:00Z,2015,Nov,329,DIN,0.11639816999999998
FOCB,P6FGG,2015-11-25T00:00:00Z,2015,Nov,329,TN,0.3
FOCB,P6FGG,2016-02-23T00:00:00Z,2016,Feb,54,DIN,0.02955476999999999
FOCB,P6FGG,2016-02-23T00:00:00Z,2016,Feb,54,TN,0.64
FOCB,P6FGG,2016-07-15T00:00:00Z,2016,Jul,197,DIN,0.08264129999999999
FOCB,P6FGG,2016-07-15T00:00:00Z,2016,Jul,197,TN,0.33
FOCB,P6FGG,2016-08-16T00:00:00Z,2016,Aug,229,DIN,0.00840419999999999
FOCB,P6FGG,2016-08-16T00:00:00Z,2016,Aug,229,TN,0.34
FOCB,P6FGG,2016-09-28T00:00:00Z,2016,Sep,272,DIN,0.25590788999999997
FOCB,P6FGG,2016-09-28T00:00:00Z,2016,Sep,272,TN,0.35
FOCB,P6FGG,2016-09-28T00:00:00Z,2016,Sep,272,DIN,0.25590788999999997
FOCB,P6FGG,2016-09-28T00:00:00Z,2016,Sep,272,TN,0.35
FOCB,P6FGG,2016-11-18T00:00:00Z,2016,Nov,323,DIN,0.1358679
FOCB,P6FGG,2016-11-18T00:00:00Z,2016,Nov,323,TN,0.33
FOCB,P6FGG,2016-11-18T00:00:00Z,2016,Nov,323,DIN,0.1358679
FOCB,P6FGG,2016-11-18T00:00:00Z,2016,Nov,323,TN,0.33
FOCB,P6FGG,2016-12-20T00:00:00Z,2016,Dec,355,DIN,0.16066028999999998
FOCB,P6FGG,2016-12-20T00:00:00Z,2016,Dec,355,TN,0.25
FOCB,P6FGG,2016-12-20T00:00:00Z,2016,Dec,355,DIN,0.16066028999999998
FOCB,P6FGG,2016-12-20T00:00:00Z,2016,Dec,355,TN,0.25
FOCB,P6FGG,2017-08-24T00:00:00Z,2017,Aug,236,DIN,0.01064532
FOCB,P6FGG,2017-08-24T00:00:00Z,2017,Aug,236,TN,0.19
FOCB,P6FGG,2019-05-23T00:00:00Z,2019,May,143,DIN,0.00692406607884633
FOCB,P6FGG,2019-05-23T00:00:00Z,2019,May,143,TN,0.340637927740285
FOCB,P6FGG,2019-06-12T00:00:00Z,2019,Jun,163,DIN,0.08327566639162345
FOCB,P6FGG,2019-06-12T00:00:00Z,2019,Jun,163,TN,0.262880453557031
FOCB,P6FGG,2019-07-09T00:00:00Z,2019,Jul,190,DIN,0.0595417226777546
FOCB,P6FGG,2019-07-09T00:00:00Z,2019,Jul,190,TN,0.171128373277993
FOCB,P6FGG,2019-07-24T00:00:00Z,2019,Jul,205,DIN,0.03918406915002039
FOCB,P6FGG,2019-07-24T00:00:00Z,2019,Jul,205,TN,0.249079909051048
FOCB,P6FGG,2019-08-14T00:00:00Z,2019,Aug,226,DIN,0.02887361318408534
FOCB,P6FGG,2019-08-14T00:00:00Z,2019,Aug,226,TN,0.150553645340315
FOCB,P6FGG,2019-09-05T00:00:00Z,2019,Sep,248,DIN,0.00540556437845326
FOCB,P6FGG,2019-09-05T00:00:00Z,2019,Sep,248,TN,0.176256989906918
FOCB,P6FGG,2019-09-27T00:00:00Z,2019,Sep,270,DIN,0.01185356815648673
FOCB,P6FGG,2019-09-27T00:00:00Z,2019,Sep,270,TN,0.14835397896444
FOCB,P6FGG,2019-10-25T00:00:00Z,2019,Oct,298,DIN,0.089493768862403
FOCB,P6FGG,2019-10-25T00:00:00Z,2019,Oct,298,TN,0.295685366234902
FOCB,P7CBI,2015-01-23T00:00:00Z,2015,Jan,23,DIN,0.2213106
FOCB,P7CBI,2015-01-23T00:00:00Z,2015,Jan,23,TN,0.24
FOCB,P7CBI,2015-10-27T00:00:00Z,2015,Oct,300,DIN,0.10729362
FOCB,P7CBI,2015-10-27T00:00:00Z,2015,Oct,300,TN,0.22
FOCB,P7CBI,2015-11-25T00:00:00Z,2015,Nov,329,DIN,0.06681339
FOCB,P7CBI,2015-11-25T00:00:00Z,2015,Nov,329,TN,0.32
FOCB,P7CBI,2016-02-23T00:00:00Z,2016,Feb,54,DIN,0.05546772
FOCB,P7CBI,2016-02-23T00:00:00Z,2016,Feb,54,TN,0.38
FOCB,P7CBI,2016-07-15T00:00:00Z,2016,Jul,197,DIN,0.03907953
FOCB,P7CBI,2016-07-15T00:00:00Z,2016,Jul,197,TN,0.31
FOCB,P7CBI,2016-08-16T00:00:00Z,2016,Aug,229,DIN,0.00966483
FOCB,P7CBI,2016-08-16T00:00:00Z,2016,Aug,229,TN,0.68
FOCB,P7CBI,2016-10-19T00:00:00Z,2016,Oct,293,DIN,0.2227113
FOCB,P7CBI,2016-10-19T00:00:00Z,2016,Oct,293,TN,0.31
FOCB,P7CBI,2016-10-19T00:00:00Z,2016,Oct,293,DIN,0.2227113
FOCB,P7CBI,2016-10-19T00:00:00Z,2016,Oct,293,TN,0.31
FOCB,P7CBI,2016-11-18T00:00:00Z,2016,Nov,323,DIN,0.18839415
FOCB,P7CBI,2016-11-18T00:00:00Z,2016,Nov,323,TN,0.43
FOCB,P7CBI,2016-11-18T00:00:00Z,2016,Nov,323,DIN,0.18839415
FOCB,P7CBI,2016-11-18T00:00:00Z,2016,Nov,323,TN,0.43
FOCB,P7CBI,2019-05-23T00:00:00Z,2019,May,143,DIN,0.00502154047118636
FOCB,P7CBI,2019-05-23T00:00:00Z,2019,May,143,TN,0.196940006769305
FOCB,P7CBI,2019-06-12T00:00:00Z,2019,Jun,163,DIN,0.01201086013074766
FOCB,P7CBI,2019-06-12T00:00:00Z,2019,Jun,163,TN,0.189119856307684
FOCB,P7CBI,2019-07-09T00:00:00Z,2019,Jul,190,DIN,0.01806221743873421
FOCB,P7CBI,2019-07-09T00:00:00Z,2019,Jul,190,TN,0.275780636846905
FOCB,P7CBI,2019-08-14T00:00:00Z,2019,Aug,226,DIN,0.02528805862914082
FOCB,P7CBI,2019-08-14T00:00:00Z,2019,Aug,226,TN,0.140701018969241
FOCB,P7CBI,2019-09-05T00:00:00Z,2019,Sep,248,DIN,0.00941825676771724
FOCB,P7CBI,2019-09-05T00:00:00Z,2019,Sep,248,TN,0.166274643208193
FOCB,P7CBI,2019-09-27T00:00:00Z,2019,Sep,270,DIN,0.01102680751087631
FOCB,P7CBI,2019-09-27T00:00:00Z,2019,Sep,270,TN,0.191185536947916
FOCB,P7CBI,2019-10-25T00:00:00Z,2019,Oct,298,DIN,0.02743328529560662
FOCB,P7CBI,2019-10-25T00:00:00Z,2019,Oct,298,TN,0.199479174192915
FOCB,PH1,2017-08-24T00:00:00Z,2017,Aug,236,DIN,0.04090043999999999
FOCB,PH1,2017-08-24T00:00:00Z,2017,Aug,236,TN,0.22
FOCB,PH1,2019-05-23T00:00:00Z,2019,May,143,DIN,0.00842186287424556
FOCB,PH1,2019-05-23T00:00:00Z,2019,May,143,TN,0.191163205926251
FOCB,PH1,2019-06-12T00:00:00Z,2019,Jun,163,DIN,0.1134977536953632
FOCB,PH1,2019-06-12T00:00:00Z,2019,Jun,163,TN,0.204009359504669
FOCB,PH1,2019-07-09T00:00:00Z,2019,Jul,190,DIN,0.0594612373673959
FOCB,PH1,2019-07-09T00:00:00Z,2019,Jul,190,TN,0.318907550520899
FOCB,PH1,2019-07-24T00:00:00Z,2019,Jul,205,DIN,0.05259805222170127
FOCB,PH1,2019-07-24T00:00:00Z,2019,Jul,205,TN,0.21189087946502
FOCB,PH1,2019-08-14T00:00:00Z,2019,Aug,226,DIN,0.02637009578961503
FOCB,PH1,2019-08-14T00:00:00Z,2019,Aug,226,TN,0.170258898082461
FOCB,PH1,2019-09-05T00:00:00Z,2019,Sep,248,DIN,0.01691530130277609
FOCB,PH1,2019-09-05T00:00:00Z,2019,Sep,248,TN,0.242606087866909
FOCB,PH1,2019-09-27T00:00:00Z,2019,Sep,270,DIN,0.05255339506521313
FOCB,PH1,2019-09-27T00:00:00Z,2019,Sep,270,TN,0.280756819193904
FOCB,PH1,2019-10-25T00:00:00Z,2019,Oct,298,DIN,0.14080735584681064
FOCB,PH1,2019-10-25T00:00:00Z,2019,Oct,298,TN,0.361272160422961
FOCB,PH2,2017-08-24T00:00:00Z,2017,Aug,236,DIN,0.06415206000000001
FOCB,PH2,2017-08-24T00:00:00Z,2017,Aug,236,TN,0.25
FOCB,PH2,2019-05-23T00:00:00Z,2019,May,143,DIN,0.01376385270342032
FOCB,PH2,2019-05-23T00:00:00Z,2019,May,143,TN,0.506720951978101
FOCB,PH2,2019-06-12T00:00:00Z,2019,Jun,163,DIN,0.1211809846828468
FOCB,PH2,2019-06-12T00:00:00Z,2019,Jun,163,TN,0.261085788426447
FOCB,PH2,2019-07-09T00:00:00Z,2019,Jul,190,DIN,0.08601959830140479
FOCB,PH2,2019-07-09T00:00:00Z,2019,Jul,190,TN,0.260852089805907
FOCB,PH2,2019-07-24T00:00:00Z,2019,Jul,205,DIN,0.05801776154280141
FOCB,PH2,2019-07-24T00:00:00Z,2019,Jul,205,TN,0.249079909051048
FOCB,PH2,2019-08-14T00:00:00Z,2019,Aug,226,DIN,0.04775840270358033
FOCB,PH2,2019-08-14T00:00:00Z,2019,Aug,226,TN,0.212953612357112
FOCB,PH2,2019-09-05T00:00:00Z,2019,Sep,248,DIN,0.01521645893732116
FOCB,PH2,2019-09-05T00:00:00Z,2019,Sep,248,TN,0.265828272152906
FOCB,PH2,2019-09-27T00:00:00Z,2019,Sep,270,DIN,0.16097584059853784
FOCB,PH2,2019-09-27T00:00:00Z,2019,Sep,270,TN,0.24610305665764
FOCB,PH2,2019-10-25T00:00:00Z,2019,Oct,298,DIN,0.15736756816130634
FOCB,PH2,2019-10-25T00:00:00Z,2019,Oct,298,TN,0.2509905105423
FOCB,PH3,2017-08-24T00:00:00Z,2017,Aug,236,DIN,0.05028513
FOCB,PH3,2017-08-24T00:00:00Z,2017,Aug,236,TN,0.23
FOCB,PH3,2019-05-23T00:00:00Z,2019,May,143,DIN,0.01814510072011799
FOCB,PH3,2019-05-23T00:00:00Z,2019,May,143,TN,0.446786643231411
FOCB,PH3,2019-06-12T00:00:00Z,2019,Jun,163,DIN,0.0972886783117252
FOCB,PH3,2019-06-12T00:00:00Z,2019,Jun,163,TN,0.327201187765898
FOCB,PH3,2019-07-09T00:00:00Z,2019,Jul,190,DIN,0.07400853513978355
FOCB,PH3,2019-07-09T00:00:00Z,2019,Jul,190,TN,0.254217180009907
FOCB,PH3,2019-08-14T00:00:00Z,2019,Aug,226,DIN,0.14346850422782087
FOCB,PH3,2019-08-14T00:00:00Z,2019,Aug,226,TN,0.341037755181065
FOCB,PH3,2019-09-05T00:00:00Z,2019,Sep,248,DIN,0.0584441850265712
FOCB,PH3,2019-09-05T00:00:00Z,2019,Sep,248,TN,0.270815268626864
FOCB,PH3,2019-09-27T00:00:00Z,2019,Sep,270,DIN,0.0558897420789904
FOCB,PH3,2019-09-27T00:00:00Z,2019,Sep,270,TN,0.235902082319598
FOCB,PH3,2019-10-25T00:00:00Z,2019,Oct,298,DIN,0.11560775308887562
FOCB,PH3,2019-10-25T00:00:00Z,2019,Oct,298,TN,0.293348444209353
FOCB,PKT42,2015-01-23T00:00:00Z,2015,Jan,23,DIN,0.07227612
FOCB,PKT42,2015-01-23T00:00:00Z,2015,Jan,23,TN,0.76
FOCB,PKT42,2017-07-21T00:00:00Z,2017,Jul,202,DIN,0.00546273
FOCB,PKT42,2017-07-21T00:00:00Z,2017,Jul,202,TN,0.38
FOCB,PKT42,2017-10-04T00:00:00Z,2017,Oct,277,DIN,0.00546273
FOCB,PKT42,2017-10-04T00:00:00Z,2017,Oct,277,TN,0.31
FOCB,PKT42,2019-05-22T00:00:00Z,2019,May,142,DIN,0.00298765282044213
FOCB,PKT42,2019-05-22T00:00:00Z,2019,May,142,TN,0.31464232394654
FOCB,PKT42,2019-06-13T00:00:00Z,2019,Jun,164,DIN,0.01389613183648947
FOCB,PKT42,2019-06-13T00:00:00Z,2019,Jun,164,TN,0.189880154914566
FOCB,PKT42,2019-07-10T00:00:00Z,2019,Jul,191,DIN,0.0126292714553621
FOCB,PKT42,2019-07-10T00:00:00Z,2019,Jul,191,TN,0.315250233017929
FOCB,PKT42,2019-07-22T00:00:00Z,2019,Jul,203,DIN,0.06718416076262915
FOCB,PKT42,2019-07-22T00:00:00Z,2019,Jul,203,TN,0.296700936511235
FOCB,PKT42,2019-08-13T00:00:00Z,2019,Aug,225,DIN,0.0676933239913244
FOCB,PKT42,2019-08-13T00:00:00Z,2019,Aug,225,TN,0.255648326631763
FOCB,PKT42,2019-09-06T00:00:00Z,2019,Sep,249,DIN,0.05057945053542215
FOCB,PKT42,2019-09-06T00:00:00Z,2019,Sep,249,TN,0.28031523385026
FOCB,PKT42,2019-09-26T00:00:00Z,2019,Sep,269,DIN,0.01318592328175634
FOCB,PKT42,2019-09-26T00:00:00Z,2019,Sep,269,TN,0.23099499572391
FOCB,PKT42,2019-10-24T00:00:00Z,2019,Oct,297,DIN,0.00647430255706896
FOCB,PKT42,2019-10-24T00:00:00Z,2019,Oct,297,TN,0.224793341221832
FOCB,PRV70,2019-05-22T00:00:00Z,2019,May,142,DIN,0.16000137562733924
FOCB,PRV70,2019-05-22T00:00:00Z,2019,May,142,TN,0.357246230164067
FOCB,PRV70,2019-06-13T00:00:00Z,2019,Jun,164,DIN,0.16055411326979321
FOCB,PRV70,2019-06-13T00:00:00Z,2019,Jun,164,TN,0.439994654297883
FOCB,PRV70,2019-07-10T00:00:00Z,2019,Jul,191,DIN,0.1829329236937262
FOCB,PRV70,2019-07-10T00:00:00Z,2019,Jul,191,TN,0.357867559206852
FOCB,PRV70,2019-07-22T00:00:00Z,2019,Jul,203,DIN,0.16484852930842817
FOCB,PRV70,2019-07-22T00:00:00Z,2019,Jul,203,TN,0.249361359247413
FOCB,PRV70,2019-08-13T00:00:00Z,2019,Aug,225,DIN,0.17421214696591325
FOCB,PRV70,2019-08-13T00:00:00Z,2019,Aug,225,TN,0.322974606834097
FOCB,PRV70,2019-09-06T00:00:00Z,2019,Sep,249,DIN,0.1942302197988648
FOCB,PRV70,2019-09-06T00:00:00Z,2019,Sep,249,TN,0.237957300183206
FOCB,PRV70,2019-09-26T00:00:00Z,2019,Sep,269,DIN,0.2253170985470725
FOCB,PRV70,2019-09-26T00:00:00Z,2019,Sep,269,TN,0.400872429671873
FOCB,PYC43,2017-10-04T00:00:00Z,2017,Oct,277,DIN,0.14189091
FOCB,PYC43,2017-10-04T00:00:00Z,2017,Oct,277,TN,0.26
FOCB,PYC43,2019-05-22T00:00:00Z,2019,May,142,DIN,0.00284229616850326
FOCB,PYC43,2019-05-22T00:00:00Z,2019,May,142,TN,0.169500202764797
FOCB,PYC43,2019-06-13T00:00:00Z,2019,Jun,164,DIN,0.01687977565506047
FOCB,PYC43,2019-06-13T00:00:00Z,2019,Jun,164,TN,0.118394716122003
FOCB,PYC43,2019-07-10T00:00:00Z,2019,Jul,191,DIN,0.00528397407711102
FOCB,PYC43,2019-07-10T00:00:00Z,2019,Jul,191,TN,0.207772811437914
FOCB,PYC43,2019-07-22T00:00:00Z,2019,Jul,203,DIN,0.01743390105666272
FOCB,PYC43,2019-07-22T00:00:00Z,2019,Jul,203,TN,0.18256615615706
FOCB,PYC43,2019-08-13T00:00:00Z,2019,Aug,225,DIN,0.00637220367203036
FOCB,PYC43,2019-08-13T00:00:00Z,2019,Aug,225,TN,0.198174672800502
FOCB,PYC43,2019-09-06T00:00:00Z,2019,Sep,249,DIN,0.02991975060103191
FOCB,PYC43,2019-09-06T00:00:00Z,2019,Sep,249,TN,0.166274643208193
FOCB,PYC43,2019-09-26T00:00:00Z,2019,Sep,269,DIN,0.00810116556366993
FOCB,PYC43,2019-09-26T00:00:00Z,2019,Sep,269,TN,0.193970215221266
FOCB,RRC46,2019-05-23T00:00:00Z,2019,May,143,DIN,0.06365580126873094
FOCB,RRC46,2019-05-23T00:00:00Z,2019,May,143,TN,0.275648918255922
FOCB,RRC46,2019-06-12T00:00:00Z,2019,Jun,163,DIN,0.05655921593302699
FOCB,RRC46,2019-06-12T00:00:00Z,2019,Jun,163,TN,0.171991682101644
FOCB,RRC46,2019-07-09T00:00:00Z,2019,Jul,190,DIN,0.11544970064220313
FOCB,RRC46,2019-07-09T00:00:00Z,2019,Jul,190,TN,0.458992101753045
FOCB,RRC46,2019-07-24T00:00:00Z,2019,Jul,205,DIN,0.11981710986194125
FOCB,RRC46,2019-07-24T00:00:00Z,2019,Jul,205,TN,0.428568001684946
FOCB,RRC46,2019-08-14T00:00:00Z,2019,Aug,226,DIN,0.03048767956634584
FOCB,RRC46,2019-08-14T00:00:00Z,2019,Aug,226,TN,0.20145888159086
FOCB,RRC46,2019-09-05T00:00:00Z,2019,Sep,248,DIN,0.06535731652297512
FOCB,RRC46,2019-09-05T00:00:00Z,2019,Sep,248,TN,0.431701017052884
FOCB,RRC46,2019-09-27T00:00:00Z,2019,Sep,270,DIN,0.01635061494047064
FOCB,RRC46,2019-09-27T00:00:00Z,2019,Sep,270,TN,0.262880453557031
FOCB,RRC46,2019-10-25T00:00:00Z,2019,Oct,298,DIN,0.06564307746768375
FOCB,RRC46,2019-10-25T00:00:00Z,2019,Oct,298,TN,0.498050115012876
FOCB,RRY47,2017-07-21T00:00:00Z,2017,Jul,202,DIN,0.15057525
FOCB,RRY47,2017-07-21T00:00:00Z,2017,Jul,202,TN,0.43
FOCB,RRY47,2017-10-04T00:00:00Z,2017,Oct,277,DIN,0.29442714000000003
FOCB,RRY47,2017-10-04T00:00:00Z,2017,Oct,277,TN,0.53
FOCB,RRY47,2019-05-22T00:00:00Z,2019,May,142,DIN,0.1420275063168276
FOCB,RRY47,2019-05-22T00:00:00Z,2019,May,142,TN,0.59048456420239
FOCB,RRY47,2019-06-13T00:00:00Z,2019,Jun,164,DIN,0.13683849006590723
FOCB,RRY47,2019-06-13T00:00:00Z,2019,Jun,164,TN,0.174850749077239
FOCB,RRY47,2019-07-10T00:00:00Z,2019,Jul,191,DIN,0.25716310966491984
FOCB,RRY47,2019-07-10T00:00:00Z,2019,Jul,191,TN,0.381442605935412
FOCB,RRY47,2019-07-22T00:00:00Z,2019,Jul,203,DIN,0.26575533499723125
FOCB,RRY47,2019-07-22T00:00:00Z,2019,Jul,203,TN,0.510025566429279
FOCB,RRY47,2019-08-13T00:00:00Z,2019,Aug,225,DIN,0.27035627544846313
FOCB,RRY47,2019-08-13T00:00:00Z,2019,Aug,225,TN,0.53973238699771
FOCB,RRY47,2019-09-06T00:00:00Z,2019,Sep,249,DIN,0.09020505295513102
FOCB,RRY47,2019-09-06T00:00:00Z,2019,Sep,249,TN,0.449746968518473
FOCB,RRY47,2019-09-26T00:00:00Z,2019,Sep,269,DIN,0.23436525336099684
FOCB,RRY47,2019-09-26T00:00:00Z,2019,Sep,269,TN,0.449746968518473
FOCB,RRY47,2019-10-24T00:00:00Z,2019,Oct,297,DIN,0.25633440959851406
FOCB,RRY47,2019-10-24T00:00:00Z,2019,Oct,297,TN,0.613599279643653
FOCB,SMT50,2015-01-23T00:00:00Z,2015,Jan,23,DIN,0.11121558
FOCB,SMT50,2015-01-23T00:00:00Z,2015,Jan,23,TN,0.28
FOCB,SMT50,2015-10-27T00:00:00Z,2015,Oct,300,DIN,0.14315154000000002
FOCB,SMT50,2015-10-27T00:00:00Z,2015,Oct,300,TN,0.26
FOCB,SMT50,2015-11-25T00:00:00Z,2015,Nov,329,DIN,0.11681838
FOCB,SMT50,2015-11-25T00:00:00Z,2015,Nov,329,TN,0.26
FOCB,SMT50,2016-02-23T00:00:00Z,2016,Feb,54,DIN,0.07381688999999998
FOCB,SMT50,2016-02-23T00:00:00Z,2016,Feb,54,TN,0.27
FOCB,SMT50,2016-07-15T00:00:00Z,2016,Jul,197,DIN,0.11289642
FOCB,SMT50,2016-07-15T00:00:00Z,2016,Jul,197,TN,0.36
FOCB,SMT50,2016-08-16T00:00:00Z,2016,Aug,229,DIN,0.00434217
FOCB,SMT50,2016-08-16T00:00:00Z,2016,Aug,229,TN,0.58
FOCB,SMT50,2016-10-19T00:00:00Z,2016,Oct,293,DIN,0.13264629
FOCB,SMT50,2016-10-19T00:00:00Z,2016,Oct,293,TN,0.47
FOCB,SMT50,2016-10-19T00:00:00Z,2016,Oct,293,DIN,0.13264629
FOCB,SMT50,2016-10-19T00:00:00Z,2016,Oct,293,TN,0.47
FOCB,SMT50,2019-05-23T00:00:00Z,2019,May,143,DIN,0.01072408970121048
FOCB,SMT50,2019-05-23T00:00:00Z,2019,May,143,TN,0.34280422805643
FOCB,SMT50,2019-06-12T00:00:00Z,2019,Jun,163,DIN,0.08225204623431696
FOCB,SMT50,2019-06-12T00:00:00Z,2019,Jun,163,TN,3.69230752673889
FOCB,SMT50,2019-07-09T00:00:00Z,2019,Jul,190,DIN,0.05295063250651425
FOCB,SMT50,2019-07-09T00:00:00Z,2019,Jul,190,TN,0.542125161269546
FOCB,SMT50,2019-07-23T00:00:00Z,2019,Jul,204,DIN,0.0801117788791317
FOCB,SMT50,2019-07-23T00:00:00Z,2019,Jul,204,TN,0.281921996954625
FOCB,SMT50,2019-08-13T00:00:00Z,2019,Aug,225,DIN,0.01979623113790105
FOCB,SMT50,2019-08-13T00:00:00Z,2019,Aug,225,TN,0.227732551913722
FOCB,SMT50,2019-09-06T00:00:00Z,2019,Sep,249,DIN,0.02949244453062063
FOCB,SMT50,2019-09-06T00:00:00Z,2019,Sep,249,TN,0.17279124838774
FOCB,SMT50,2019-09-26T00:00:00Z,2019,Sep,269,DIN,0.02047140858803938
FOCB,SMT50,2019-09-26T00:00:00Z,2019,Sep,269,TN,0.185824458746833
FOCB,SMT50,2019-10-24T00:00:00Z,2019,Oct,297,DIN,0.09082666780975288
FOCB,SMT50,2019-10-24T00:00:00Z,2019,Oct,297,TN,0.287391728989903
FOCB,STR54,2019-05-22T00:00:00Z,2019,May,142,DIN,0.1385892267493796
FOCB,STR54,2019-05-22T00:00:00Z,2019,May,142,TN,0.542825957247191
FOCB,STR54,2019-06-13T00:00:00Z,2019,Jun,164,DIN,0.2130954217776892
FOCB,STR54,2019-06-13T00:00:00Z,2019,Jun,164,TN,0.545359870043088
FOCB,STR54,2019-07-10T00:00:00Z,2019,Jul,191,DIN,0.08055865625861024
FOCB,STR54,2019-07-10T00:00:00Z,2019,Jul,191,TN,0.595915034503863
FOCB,STR54,2019-07-22T00:00:00Z,2019,Jul,203,DIN,0.10275908513459768
FOCB,STR54,2019-07-22T00:00:00Z,2019,Jul,203,TN,0.405759883556533
FOCB,STR54,2019-08-13T00:00:00Z,2019,Aug,225,DIN,0.0688521117764528
FOCB,STR54,2019-08-13T00:00:00Z,2019,Aug,225,TN,0.385374573850895
FOCB,STR54,2019-09-06T00:00:00Z,2019,Sep,249,DIN,0.13165908423089623
FOCB,STR54,2019-09-06T00:00:00Z,2019,Sep,249,TN,0.291719292914466
FOCB,STR54,2019-09-26T00:00:00Z,2019,Sep,269,DIN,0.08457008768700795
FOCB,STR54,2019-09-26T00:00:00Z,2019,Sep,269,TN,0.264023720901393
FOCB,STR54,2019-10-24T00:00:00Z,2019,Oct,297,DIN,0.14870519326765816
FOCB,STR54,2019-10-24T00:00:00Z,2019,Oct,297,TN,0.69046249909685
